URL,Company,Title,Product_Description
www.jamesmadison.org/,jamesmadison
www.fee.org/,fee
www.financestrategists.com/nft,financestrategists
www.jamesmadison.org/,jamesmadison
www.fee.org/,fee
www.istitutoamedeomodigliani.it/,istitutoamedeomodigliani
www.noncustodial.finance/understanding/nfts,noncustodial
www.hp.com/,hp
www.hpe.com/hpe_greenlake/for_compute,hpe
www.f5.com/,f5
aws.amazon.com/free/cloudcomputing,amazon
www.tierpoint.com/cloud/public-cloud,tierpoint
www.deloitte.com/,deloitte
services.global.ntt/ntt-recognized/by-gartner,global
www.hpe.com/hpe_greenlake/for_compute,hpe
www.hp.com/,hp
www.zoom.us/,zoom
www.purestorage.com/,purestorage
www.pwc.com/,pwc
www.tierpoint.com/cloud/public-cloud,tierpoint
www.f5.com/,f5
www.granulate.io/,granulate
www.hpe.com/hpe_greenlake/for_compute,hpe
www.zoom.us/,zoom
www.f5.com/,f5
www.hp.com/,hp
www.turing.com/it/services,turing
www.milesit.com/it-services,milesit
www.hpe.com/hpe_greenlake/for_compute,hpe
cloud.google.com/,google
www.pwc.com/,pwc
www.f5.com/,f5
www.tierpoint.com/cloud/public-cloud,tierpoint
www.hp.com/,hp
www.deloitte.com/,deloitte
www.f5.com/,f5
www.hp.com/,hp
www.sage.com/accounting/erp,sage
www.hpe.com/hpe_greenlake/for_compute,hpe
www.hp.com/,hp
www.tierpoint.com/cloud/public-cloud,tierpoint
www.deloitte.com/,deloitte
aws.amazon.com/free/cloudcomputing,amazon
www.verkada.com/,verkada
www.f5.com/,f5
www.hp.com/,hp
www.hpe.com/hpe_greenlake/for_compute,hpe
www.f5.com/,f5
www.zoom.us/,zoom
aws.amazon.com/free/cloudcomputing,amazon
www.tierpoint.com/cloud/public-cloud,tierpoint
www.hp.com/,hp
www.zoom.us/,zoom
www.hpe.com/hpe_greenlake/for_compute,hpe
www.f5.com/,f5
www.tierpoint.com/cloud/public-cloud,tierpoint
www.sage.com/accounting/cloud,sage
www.hp.com/,hp
www.hpe.com/hpe_greenlake/for_compute,hpe
www.f5.com/,f5
www.tierpoint.com/cloud/public-cloud,tierpoint
www.genpact.com/,genpact
services.global.ntt/ntt-recognized/by-gartner,global
www.hp.com/,hp
www.zoom.us/,zoom
www.f5.com/,f5
www.redis.com/,redis
www.sage.com/accounting/erp,sage
www.ninjaone.com/,ninjaone
